Path,Row
200,019
200,020
200,021
200,022
200,023
200,024
200,025
200,026
201,019
201,020
201,021
201,022
201,023
201,024
201,025
201,026
202,019
202,020
202,021
202,022
202,023
202,024
202,025
202,026
203,019
203,020
203,021
203,022
203,023
203,024
203,025
203,026
204,019
204,020
204,021
204,022
204,023
204,024
204,025
204,026
205,019
205,020
205,021
205,022
205,023
205,024
205,025
205,026
206,019
206,020
206,021
206,022
206,023
206,024
206,025
206,026
207,019
207,020
207,021
207,022
207,023
207,024
207,025
207,026
208,019
208,020
208,021
208,022
208,023
208,024
208,025
208,026
